{"stats":{"minecraft:killed":{"minecraft:spider":1,"minecraft:skeleton":5,"minecraft:bee":2,"minecraft:pig":15,"minecraft:creeper":6,"minecraft:sheep":16,"minecraft:zombie":13,"minecraft:cow":8},"minecraft:killed_by":{"minecraft:skeleton":1},"minecraft:picked_up":{"minecraft:coarse_dirt":3,"minecraft:crafting_table":17,"minecraft:clay_ball":8,"minecraft:brown_mushroom":66,"minecraft:gold_block":2,"minecraft:raw_copper":22,"minecraft:cobbled_deepslate":7,"minecraft:beef":19,"minecraft:sugar_cane":2,"minecraft:chest":1,"minecraft:birch_sapling":2,"minecraft:furnace":8,"minecraft:stick":17,"minecraft:raw_iron":72,"minecraft:big_dripleaf":1,"minecraft:torch":70,"minecraft:porkchop":30,"minecraft:pointed_dripstone":3,"minecraft:diorite":25,"minecraft:redstone":86,"minecraft:arrow":9,"minecraft:rotten_flesh":25,"minecraft:glow_berries":39,"minecraft:mutton":22,"minecraft:snowball":128,"minecraft:white_wool":14,"minecraft:cobblestone":391,"minecraft:birch_log":7,"minecraft:stripped_oak_log":209,"minecraft:pink_petals":27,"minecraft:leather":11,"minecraft:flint":3,"minecraft:oak_log":7,"minecraft:gunpowder":6,"minecraft:lapis_lazuli":31,"minecraft:dirt":115,"minecraft:bone":5,"minecraft:apple":4,"minecraft:wheat_seeds":14,"minecraft:moss_block":2,"minecraft:iron_sword":1,"minecraft:pumpkin":3,"minecraft:sweet_berries":91,"minecraft:gravel":58,"minecraft:sand":1,"minecraft:spruce_sapling":5,"minecraft:white_bed":6,"minecraft:spruce_log":87,"minecraft:mossy_cobblestone":18,"minecraft:granite":1,"minecraft:gray_wool":1,"minecraft:rooted_dirt":3,"minecraft:oak_sapling":41,"minecraft:netherrack":20,"minecraft:coal":259},"minecraft:dropped":{"minecraft:iron_sword":1,"minecraft:moss_block":2,"minecraft:brown_mushroom":2,"minecraft:wheat_seeds":11,"minecraft:cobblestone":64,"minecraft:leather":4,"minecraft:coal":1,"minecraft:snowball":64,"minecraft:spruce_sapling":5,"minecraft:coarse_dirt":1,"minecraft:rotten_flesh":16,"minecraft:stripped_oak_log":209,"minecraft:spruce_log":1},"minecraft:mined":{"minecraft:white_bed":6,"minecraft:mossy_cobblestone":18,"minecraft:cave_vines_plant":26,"minecraft:granite":1,"minecraft:grass_block":25,"minecraft:spruce_leaves":32,"minecraft:moss_block":2,"minecraft:redstone_ore":5,"minecraft:furnace":8,"minecraft:iron_ore":62,"minecraft:snow":12,"minecraft:pumpkin":3,"minecraft:gold_block":2,"minecraft:pointed_dripstone":1,"minecraft:cave_vines":51,"minecraft:deepslate_iron_ore":12,"minecraft:stripped_oak_log":211,"minecraft:stone":354,"minecraft:podzol":5,"minecraft:deepslate_redstone_ore":14,"minecraft:brown_mushroom":67,"minecraft:snow_block":36,"minecraft:powder_snow":23,"minecraft:clay":2,"minecraft:crafting_table":17,"minecraft:torch":23,"minecraft:chest":1,"minecraft:dead_bush":1,"minecraft:cobblestone":11,"minecraft:copper_ore":6,"minecraft:tall_grass":19,"minecraft:lapis_ore":4,"minecraft:sugar_cane":1,"minecraft:diorite":25,"minecraft:wall_torch":44,"minecraft:big_dripleaf":1,"minecraft:pink_petals":14,"minecraft:coarse_dirt":3,"minecraft:birch_log":7,"minecraft:sweet_berry_bush":36,"minecraft:spruce_log":86,"minecraft:birch_leaves":3,"minecraft:grass":32,"minecraft:coal_ore":236,"minecraft:oak_log":7,"minecraft:gravel":64,"minecraft:sand":1,"minecraft:dirt":54,"minecraft:netherrack":20,"minecraft:oak_leaves":35,"minecraft:deepslate":7},"minecraft:crafted":{"minecraft:oak_planks":24,"minecraft:stone_shovel":1,"minecraft:furnace":2,"minecraft:cooked_mutton":20,"minecraft:iron_boots":1,"minecraft:stone_pickaxe":5,"minecraft:chest":2,"minecraft:cooked_beef":17,"minecraft:cooked_porkchop":24,"minecraft:crafting_table":2,"minecraft:spruce_planks":312,"minecraft:wooden_pickaxe":3,"minecraft:iron_helmet":1,"minecraft:iron_sword":2,"minecraft:bucket":2,"minecraft:birch_planks":28,"minecraft:stone_axe":5,"minecraft:air":0,"minecraft:iron_chestplate":1,"minecraft:stick":60,"minecraft:iron_ingot":63,"minecraft:iron_pickaxe":3,"minecraft:wooden_axe":1,"minecraft:iron_leggings":1,"minecraft:white_bed":1,"minecraft:torch":96},"minecraft:custom":{"minecraft:mob_kills":70,"minecraft:interact_with_crafting_table":32,"minecraft:leave_game":8,"minecraft:time_since_death":72343,"minecraft:climb_one_cm":85,"minecraft:sprint_one_cm":482378,"minecraft:walk_one_cm":557783,"minecraft:drop":34,"minecraft:play_time":231848,"minecraft:deaths":1,"minecraft:sneak_time":1847,"minecraft:walk_under_water_one_cm":34260,"minecraft:jump":3972,"minecraft:walk_on_water_one_cm":37426,"minecraft:total_world_time":231848,"minecraft:interact_with_furnace":70,"minecraft:sleep_in_bed":5,"minecraft:time_since_rest":72363,"minecraft:damage_taken":3137,"minecraft:damage_dealt":9250,"minecraft:swim_one_cm":38372,"minecraft:fly_one_cm":516924,"minecraft:open_chest":5,"minecraft:crouch_one_cm":5199,"minecraft:fall_one_cm":92184},"minecraft:broken":{"minecraft:wooden_pickaxe":3,"minecraft:stone_pickaxe":4,"minecraft:stone_axe":4,"minecraft:iron_sword":1,"minecraft:iron_pickaxe":1,"minecraft:wooden_axe":1},"minecraft:used":{"minecraft:stone_shovel":54,"minecraft:chest":2,"minecraft:iron_sword":386,"minecraft:rotten_flesh":7,"minecraft:netherrack":3,"minecraft:torch":135,"minecraft:dirt":115,"minecraft:mutton":2,"minecraft:granite":1,"minecraft:wooden_axe":59,"minecraft:rooted_dirt":3,"minecraft:sweet_berries":50,"minecraft:furnace":8,"minecraft:cooked_beef":8,"minecraft:cobbled_deepslate":1,"minecraft:cooked_mutton":11,"minecraft:stone_pickaxe":510,"minecraft:wooden_pickaxe":147,"minecraft:glow_berries":39,"minecraft:crafting_table":17,"minecraft:white_bed":6,"minecraft:spruce_log":8,"minecraft:oak_log":1,"minecraft:iron_pickaxe":468,"minecraft:gravel":52,"minecraft:stone_axe":511,"minecraft:cobblestone":70,"minecraft:porkchop":6,"minecraft:cooked_porkchop":9,"minecraft:bucket":2,"minecraft:coarse_dirt":2}},"DataVersion":3463}