{"stats":{"minecraft:killed":{"minecraft:spider":9,"minecraft:skeleton":14,"minecraft:chicken":10,"minecraft:pig":12,"minecraft:zombie_villager":2,"minecraft:creeper":2,"minecraft:sheep":7,"minecraft:zombie":20,"minecraft:cow":15},"minecraft:killed_by":{"minecraft:player":1},"minecraft:picked_up":{"minecraft:crafting_table":8,"minecraft:chicken":10,"minecraft:string":1,"minecraft:raw_copper":9,"minecraft:cobbled_deepslate":9,"minecraft:spruce_planks":368,"minecraft:beef":38,"minecraft:poppy":12,"minecraft:melon_slice":330,"minecraft:chest":4,"minecraft:furnace":7,"minecraft:raw_iron":134,"minecraft:stick":60,"minecraft:torch":8,"minecraft:acacia_log":131,"minecraft:porkchop":35,"minecraft:diorite":8,"minecraft:stone_shovel":1,"minecraft:arrow":60,"minecraft:rotten_flesh":47,"minecraft:hay_block":16,"minecraft:gold_ingot":20,"minecraft:mutton":10,"minecraft:cobblestone":1171,"minecraft:white_wool":7,"minecraft:feather":14,"minecraft:andesite":2,"minecraft:leather":23,"minecraft:potato":1,"minecraft:flint":6,"minecraft:oak_log":203,"minecraft:gunpowder":3,"minecraft:lapis_lazuli":334,"minecraft:dirt":2242,"minecraft:cooked_mutton":5,"minecraft:bone":25,"minecraft:acacia_planks":28,"minecraft:apple":3,"minecraft:bow":1,"minecraft:wheat_seeds":83,"minecraft:raw_gold":10,"minecraft:iron_ingot":95,"minecraft:acacia_sapling":2,"minecraft:oak_planks":15,"minecraft:pumpkin":11,"minecraft:sweet_berries":55,"minecraft:gravel":21,"minecraft:white_bed":4,"minecraft:spruce_log":46,"minecraft:spider_eye":3,"minecraft:diamond":3,"minecraft:granite":4,"minecraft:oak_sapling":2,"minecraft:coal":415},"minecraft:dropped":{"minecraft:porkchop":3,"minecraft:wheat_seeds":20,"minecraft:lapis_lazuli":36,"minecraft:cobblestone":13,"minecraft:leather":16,"minecraft:granite":3,"minecraft:stick":28,"minecraft:dirt":137,"minecraft:diorite":8,"minecraft:white_wool":4,"minecraft:acacia_planks":13,"minecraft:bone":15,"minecraft:stone_sword":1,"minecraft:cobbled_deepslate":3,"minecraft:rotten_flesh":20,"minecraft:poppy":3,"minecraft:potato":1,"minecraft:gunpowder":3,"minecraft:andesite":2,"minecraft:oak_sapling":1,"minecraft:spider_eye":3,"minecraft:bow":1},"minecraft:mined":{"minecraft:spruce_planks":126,"minecraft:white_bed":4,"minecraft:deepslate_diamond_ore":1,"minecraft:granite":1,"minecraft:acacia_log":132,"minecraft:grass_block":523,"minecraft:spruce_leaves":7,"minecraft:hay_block":16,"minecraft:furnace":7,"minecraft:iron_ore":43,"minecraft:andesite":2,"minecraft:pumpkin":11,"minecraft:deepslate_lapis_ore":15,"minecraft:deepslate_iron_ore":46,"minecraft:stone":487,"minecraft:acacia_leaves":9,"minecraft:crafting_table":8,"minecraft:torch":7,"minecraft:melon":41,"minecraft:chest":4,"minecraft:tall_grass":4,"minecraft:copper_ore":1,"minecraft:cobblestone":6,"minecraft:deepslate_gold_ore":2,"minecraft:oak_planks":15,"minecraft:diorite":5,"minecraft:sweet_berry_bush":20,"minecraft:wheat":1,"minecraft:spruce_log":48,"minecraft:grass":30,"minecraft:oak_log":204,"minecraft:coal_ore":165,"minecraft:gravel":9,"minecraft:acacia_door":1,"minecraft:dirt":494,"minecraft:acacia_planks":4,"minecraft:gold_ore":8,"minecraft:oak_leaves":21,"minecraft:deepslate":9,"minecraft:fern":1},"minecraft:crafted":{"minecraft:oak_door":3,"minecraft:oak_planks":670,"minecraft:stone_shovel":8,"minecraft:cooked_chicken":10,"minecraft:furnace":2,"minecraft:cooked_mutton":5,"minecraft:iron_boots":1,"minecraft:iron_axe":3,"minecraft:spruce_wood":3,"minecraft:stone_pickaxe":3,"minecraft:chest":2,"minecraft:wheat":140,"minecraft:cooked_beef":21,"minecraft:spruce_sign":3,"minecraft:cooked_porkchop":29,"minecraft:crafting_table":1,"minecraft:spruce_planks":174,"minecraft:wooden_pickaxe":1,"minecraft:iron_helmet":1,"minecraft:iron_sword":1,"minecraft:stone_axe":1,"minecraft:bread":48,"minecraft:iron_chestplate":1,"minecraft:shield":1,"minecraft:stick":154,"minecraft:iron_ingot":88,"minecraft:iron_pickaxe":2,"minecraft:oak_stairs":4,"minecraft:stone_sword":1,"minecraft:iron_leggings":1,"minecraft:gold_ingot":10,"minecraft:white_bed":1,"minecraft:acacia_planks":508,"minecraft:torch":136},"minecraft:custom":{"minecraft:mob_kills":99,"minecraft:interact_with_crafting_table":39,"minecraft:leave_game":2,"minecraft:time_since_death":240223,"minecraft:sprint_one_cm":350127,"minecraft:walk_one_cm":958628,"minecraft:damage_blocked_by_shield":2440,"minecraft:drop":48,"minecraft:talked_to_villager":2,"minecraft:play_time":240659,"minecraft:deaths":1,"minecraft:sneak_time":5906,"minecraft:walk_under_water_one_cm":3602,"minecraft:jump":2049,"minecraft:walk_on_water_one_cm":2243,"minecraft:total_world_time":240659,"minecraft:interact_with_furnace":83,"minecraft:sleep_in_bed":21,"minecraft:time_since_rest":14497,"minecraft:damage_taken":2094,"minecraft:damage_dealt":13356,"minecraft:swim_one_cm":16518,"minecraft:fly_one_cm":279597,"minecraft:open_chest":38,"minecraft:crouch_one_cm":27314,"minecraft:fall_one_cm":44862},"minecraft:broken":{"minecraft:wooden_pickaxe":1,"minecraft:stone_pickaxe":3,"minecraft:iron_axe":2,"minecraft:stone_axe":1,"minecraft:iron_pickaxe":1,"minecraft:stone_shovel":7},"minecraft:used":{"minecraft:stone_sword":49,"minecraft:stone_shovel":1014,"minecraft:spruce_planks":126,"minecraft:chest":6,"minecraft:shield":65,"minecraft:iron_sword":45,"minecraft:cooked_chicken":3,"minecraft:oak_door":3,"minecraft:torch":126,"minecraft:dirt":281,"minecraft:granite":1,"minecraft:iron_axe":662,"minecraft:oak_stairs":4,"minecraft:iron_helmet":1,"minecraft:iron_boots":1,"minecraft:sweet_berries":55,"minecraft:furnace":9,"minecraft:cooked_beef":6,"minecraft:acacia_planks":517,"minecraft:cobbled_deepslate":6,"minecraft:iron_leggings":1,"minecraft:cooked_mutton":8,"minecraft:stone_pickaxe":393,"minecraft:oak_planks":641,"minecraft:wooden_pickaxe":59,"minecraft:spruce_sign":3,"minecraft:crafting_table":9,"minecraft:white_bed":5,"minecraft:oak_log":30,"minecraft:melon_slice":2,"minecraft:iron_pickaxe":347,"minecraft:stone_axe":95,"minecraft:cobblestone":118,"minecraft:cooked_porkchop":5}},"DataVersion":3463}