{"stats":{"minecraft:killed":{"minecraft:spider":7,"minecraft:skeleton":18,"minecraft:chicken":1,"minecraft:drowned":3,"minecraft:pig":1,"minecraft:creeper":1,"minecraft:sheep":4,"minecraft:zombie":46,"minecraft:ghast":1,"minecraft:cow":13},"minecraft:picked_up":{"minecraft:allium":4,"minecraft:fishing_rod":3,"minecraft:wheat":7,"minecraft:crafting_table":7,"minecraft:bee_nest":3,"minecraft:chicken":1,"minecraft:wooden_pickaxe":1,"minecraft:string":4,"minecraft:raw_copper":2,"minecraft:gold_nugget":3,"minecraft:cobbled_deepslate":49,"minecraft:spruce_planks":45,"minecraft:beef":37,"minecraft:cobblestone_slab":55,"minecraft:spruce_slab":48,"minecraft:iron_pickaxe":1,"minecraft:sugar_cane":67,"minecraft:chest":1,"minecraft:furnace":8,"minecraft:stick":21,"minecraft:raw_iron":63,"minecraft:porkchop":2,"minecraft:arrow":28,"minecraft:rotten_flesh":39,"minecraft:gold_ingot":3,"minecraft:mutton":3,"minecraft:white_wool":5,"minecraft:cobblestone":238,"minecraft:feather":2,"minecraft:lilac":16,"minecraft:andesite":18,"minecraft:leather":14,"minecraft:flint":3,"minecraft:tuff":10,"minecraft:oak_log":23,"minecraft:gunpowder":1,"minecraft:lapis_lazuli":48,"minecraft:dirt":28,"minecraft:bone":8,"minecraft:apple":1,"minecraft:orange_tulip":1,"minecraft:raw_gold":33,"minecraft:iron_ingot":25,"minecraft:glowstone_dust":21,"minecraft:oak_slab":15,"minecraft:pumpkin":12,"minecraft:sweet_berries":8,"minecraft:gravel":8,"minecraft:sand":6,"minecraft:spruce_sapling":14,"minecraft:white_bed":1,"minecraft:spruce_log":211,"minecraft:spider_eye":3,"minecraft:spruce_door":9,"minecraft:leather_helmet":1,"minecraft:diamond":15,"minecraft:spruce_boat":8,"minecraft:oak_sapling":1,"minecraft:netherrack":43,"minecraft:coal":71},"minecraft:dropped":{"minecraft:iron_ingot":25,"minecraft:porkchop":2,"minecraft:lilac":6,"minecraft:crafting_table":1,"minecraft:feather":2,"minecraft:cobblestone":54,"minecraft:apple":1,"minecraft:spruce_door":2,"minecraft:leather_helmet":2,"minecraft:stick":6,"minecraft:dirt":1,"minecraft:mutton":3,"minecraft:fire_charge":1,"minecraft:wooden_sword":1,"minecraft:gold_nugget":3,"minecraft:iron_pickaxe":1,"minecraft:string":1,"minecraft:fishing_rod":3,"minecraft:white_wool":1,"minecraft:gold_ingot":3,"minecraft:sweet_berries":7,"minecraft:iron_nugget":8,"minecraft:cobbled_deepslate":2,"minecraft:raw_copper":2,"minecraft:wheat":2,"minecraft:raw_iron":3,"minecraft:chicken":1,"minecraft:rotten_flesh":55,"minecraft:leather_chestplate":1,"minecraft:potato":3,"minecraft:gunpowder":1,"minecraft:spruce_planks":6,"minecraft:andesite":2,"minecraft:chest":1,"minecraft:spider_eye":3,"minecraft:spruce_log":20,"minecraft:arrow":21,"minecraft:wooden_pickaxe":2,"minecraft:netherrack":7},"minecraft:mined":{"minecraft:nether_gold_ore":2,"minecraft:tuff":11,"minecraft:spruce_planks":40,"minecraft:white_bed":1,"minecraft:dark_oak_leaves":1,"minecraft:deepslate_diamond_ore":15,"minecraft:granite":6,"minecraft:allium":3,"minecraft:grass_block":35,"minecraft:spruce_leaves":17,"minecraft:large_fern":2,"minecraft:glowstone":8,"minecraft:furnace":8,"minecraft:iron_ore":54,"minecraft:cobbled_deepslate":20,"minecraft:fire":6,"minecraft:andesite":19,"minecraft:stripped_spruce_log":1,"minecraft:pumpkin":12,"minecraft:deepslate_lapis_ore":2,"minecraft:peony":2,"minecraft:red_tulip":2,"minecraft:cobblestone_slab":45,"minecraft:deepslate_iron_ore":7,"minecraft:stone":238,"minecraft:spruce_slab":35,"minecraft:oak_slab":15,"minecraft:spruce_door":8,"minecraft:powder_snow":3,"minecraft:crafting_table":6,"minecraft:chest":1,"minecraft:dead_bush":2,"minecraft:cobblestone":12,"minecraft:deepslate_gold_ore":13,"minecraft:lapis_ore":5,"minecraft:sugar_cane":30,"minecraft:diorite":7,"minecraft:birch_log":7,"minecraft:lilac":28,"minecraft:spruce_log":195,"minecraft:orange_tulip":1,"minecraft:bee_nest":3,"minecraft:grass":8,"minecraft:oak_log":23,"minecraft:coal_ore":49,"minecraft:sand":6,"minecraft:gravel":11,"minecraft:dirt":6,"minecraft:red_mushroom_block":1,"minecraft:netherrack":41,"minecraft:gold_ore":10,"minecraft:oak_leaves":36,"minecraft:deepslate":53,"minecraft:suspicious_gravel":1},"minecraft:crafted":{"minecraft:wooden_sword":1,"minecraft:oak_planks":92,"minecraft:cobblestone_slab":60,"minecraft:furnace":2,"minecraft:bone_meal":21,"minecraft:glass_pane":16,"minecraft:glass":6,"minecraft:bow":1,"minecraft:iron_axe":3,"minecraft:spruce_slab":84,"minecraft:chest":3,"minecraft:spruce_boat":1,"minecraft:golden_boots":1,"minecraft:cooked_beef":14,"minecraft:oak_slab":18,"minecraft:crafting_table":4,"minecraft:spruce_planks":200,"minecraft:wooden_pickaxe":1,"minecraft:iron_helmet":1,"minecraft:iron_sword":1,"minecraft:spruce_door":6,"minecraft:bucket":2,"minecraft:bread":21,"minecraft:air":0,"minecraft:iron_chestplate":1,"minecraft:diamond_pickaxe":1,"minecraft:shield":1,"minecraft:stick":44,"minecraft:iron_ingot":57,"minecraft:iron_pickaxe":2,"minecraft:wooden_axe":1,"minecraft:iron_leggings":1,"minecraft:gold_ingot":13,"minecraft:white_bed":1,"minecraft:torch":60},"minecraft:custom":{"minecraft:mob_kills":99,"minecraft:interact_with_crafting_table":50,"minecraft:leave_game":5,"minecraft:time_since_death":171628,"minecraft:climb_one_cm":579,"minecraft:sprint_one_cm":430077,"minecraft:walk_one_cm":397531,"minecraft:damage_blocked_by_shield":520,"minecraft:drop":58,"minecraft:play_time":171628,"minecraft:sneak_time":19456,"minecraft:walk_under_water_one_cm":50479,"minecraft:boat_one_cm":282555,"minecraft:jump":3708,"minecraft:walk_on_water_one_cm":28753,"minecraft:total_world_time":171628,"minecraft:interact_with_furnace":75,"minecraft:sleep_in_bed":8,"minecraft:time_since_rest":7825,"minecraft:damage_taken":2390,"minecraft:damage_dealt":16187,"minecraft:fly_one_cm":708501,"minecraft:swim_one_cm":142282,"minecraft:open_chest":31,"minecraft:crouch_one_cm":52173,"minecraft:fall_one_cm":100183},"minecraft:broken":{"minecraft:leather_helmet":1,"minecraft:iron_sword":1,"minecraft:iron_pickaxe":2},"minecraft:used":{"minecraft:flint_and_steel":4,"minecraft:spruce_slab":113,"minecraft:chest":3,"minecraft:spruce_planks":70,"minecraft:shield":15,"minecraft:iron_sword":255,"minecraft:rotten_flesh":2,"minecraft:netherrack":36,"minecraft:torch":57,"minecraft:dirt":18,"minecraft:carrot":20,"minecraft:tuff":10,"minecraft:spruce_boat":8,"minecraft:wooden_axe":13,"minecraft:lava_bucket":22,"minecraft:iron_axe":332,"minecraft:golden_carrot":8,"minecraft:beef":11,"minecraft:sweet_berries":1,"minecraft:furnace":10,"minecraft:cooked_beef":6,"minecraft:cobbled_deepslate":47,"minecraft:golden_axe":11,"minecraft:water_bucket":63,"minecraft:spruce_door":11,"minecraft:orange_tulip":1,"minecraft:wooden_pickaxe":17,"minecraft:cobblestone_slab":110,"minecraft:sugar_cane":10,"minecraft:oak_slab":15,"minecraft:crafting_table":10,"minecraft:white_bed":2,"minecraft:spruce_log":58,"minecraft:diamond_pickaxe":110,"minecraft:bread":21,"minecraft:iron_pickaxe":503,"minecraft:gravel":8,"minecraft:spruce_sapling":7,"minecraft:fishing_rod":10,"minecraft:wooden_sword":30,"minecraft:cobblestone":171,"minecraft:andesite":14,"minecraft:bucket":87,"minecraft:glass_pane":3,"minecraft:bone_meal":15}},"DataVersion":3463}