{"stats":{"minecraft:killed":{"minecraft:spider":8,"minecraft:skeleton":6,"minecraft:chicken":3,"minecraft:drowned":3,"minecraft:pig":9,"minecraft:creeper":3,"minecraft:sheep":6,"minecraft:zombie":19,"minecraft:cow":3},"minecraft:picked_up":{"minecraft:crafting_table":7,"minecraft:wheat":21,"minecraft:azure_bluet":1,"minecraft:chicken":3,"minecraft:brewing_stand":1,"minecraft:cornflower":1,"minecraft:string":8,"minecraft:oak_trapdoor":15,"minecraft:raw_copper":8,"minecraft:white_carpet":3,"minecraft:beetroot":3,"minecraft:cobbled_deepslate":7,"minecraft:beef":7,"minecraft:poppy":1,"minecraft:sugar_cane":12,"minecraft:egg":2,"minecraft:furnace":7,"minecraft:stick":6,"minecraft:raw_iron":40,"minecraft:oak_fence":1,"minecraft:big_dripleaf":2,"minecraft:composter":5,"minecraft:torch":5,"minecraft:porkchop":16,"minecraft:diorite":3,"minecraft:carrot":48,"minecraft:rotten_flesh":27,"minecraft:arrow":4,"minecraft:beetroot_seeds":5,"minecraft:hay_block":2,"minecraft:mutton":10,"minecraft:white_wool":6,"minecraft:cobblestone":167,"minecraft:oxeye_daisy":2,"minecraft:pink_petals":30,"minecraft:feather":2,"minecraft:andesite":37,"minecraft:leather":3,"minecraft:potato":29,"minecraft:tuff":4,"minecraft:oak_log":156,"minecraft:gunpowder":4,"minecraft:wooden_hoe":1,"minecraft:lapis_lazuli":41,"minecraft:dirt":214,"minecraft:bone":9,"minecraft:bow":1,"minecraft:wheat_seeds":90,"minecraft:raw_gold":8,"minecraft:iron_ingot":3,"minecraft:oak_planks":13,"minecraft:pumpkin":2,"minecraft:sweet_berries":37,"minecraft:dandelion":6,"minecraft:gravel":3,"minecraft:spruce_sapling":16,"minecraft:spruce_log":37,"minecraft:spider_eye":1,"minecraft:granite":25,"minecraft:oak_sapling":1,"minecraft:coal":112},"minecraft:dropped":{"minecraft:iron_ingot":3,"minecraft:wheat_seeds":8,"minecraft:oxeye_daisy":1,"minecraft:dirt":4,"minecraft:diorite":1,"minecraft:wooden_hoe":1,"minecraft:pink_petals":30,"minecraft:dandelion":1,"minecraft:cobbled_deepslate":7,"minecraft:rotten_flesh":7,"minecraft:cooked_mutton":2,"minecraft:carrot":12,"minecraft:poppy":1,"minecraft:big_dripleaf":2,"minecraft:spider_eye":1,"minecraft:spruce_log":10,"minecraft:bow":1,"minecraft:beef":1},"minecraft:mined":{"minecraft:tuff":4,"minecraft:farmland":21,"minecraft:brewing_stand":1,"minecraft:granite":25,"minecraft:grass_block":8,"minecraft:spruce_leaves":38,"minecraft:composter":5,"minecraft:large_fern":5,"minecraft:hay_block":2,"minecraft:oak_trapdoor":15,"minecraft:spruce_sapling":2,"minecraft:furnace":7,"minecraft:carrots":21,"minecraft:iron_ore":33,"minecraft:fire":2,"minecraft:andesite":37,"minecraft:pumpkin":2,"minecraft:deepslate_lapis_ore":1,"minecraft:potatoes":10,"minecraft:deepslate_iron_ore":7,"minecraft:dirt_path":3,"minecraft:stone":153,"minecraft:dandelion":1,"minecraft:oak_fence":1,"minecraft:crafting_table":7,"minecraft:torch":1,"minecraft:poppy":1,"minecraft:tall_grass":2,"minecraft:copper_ore":2,"minecraft:cobblestone":6,"minecraft:deepslate_gold_ore":8,"minecraft:lapis_ore":5,"minecraft:sugar_cane":5,"minecraft:oak_planks":13,"minecraft:diorite":1,"minecraft:wall_torch":4,"minecraft:big_dripleaf":1,"minecraft:pink_petals":6,"minecraft:seagrass":1,"minecraft:sweet_berry_bush":3,"minecraft:wheat":47,"minecraft:white_carpet":3,"minecraft:spruce_log":37,"minecraft:grass":9,"minecraft:coal_ore":60,"minecraft:oak_log":156,"minecraft:beetroots":5,"minecraft:cherry_leaves":4,"minecraft:gravel":1,"minecraft:dirt":262,"minecraft:oak_leaves":16,"minecraft:deepslate":8,"minecraft:fern":3},"minecraft:crafted":{"minecraft:oak_planks":256,"minecraft:stone_shovel":2,"minecraft:oak_sign":9,"minecraft:furnace":3,"minecraft:white_carpet":3,"minecraft:cooked_mutton":4,"minecraft:oak_trapdoor":26,"minecraft:iron_boots":1,"minecraft:bow":1,"minecraft:iron_axe":1,"minecraft:stone_pickaxe":1,"minecraft:chest":3,"minecraft:cooked_beef":4,"minecraft:cooked_porkchop":13,"minecraft:crafting_table":2,"minecraft:spruce_planks":36,"minecraft:wooden_pickaxe":1,"minecraft:iron_helmet":1,"minecraft:iron_sword":1,"minecraft:bucket":1,"minecraft:air":0,"minecraft:iron_chestplate":1,"minecraft:wooden_hoe":1,"minecraft:shield":1,"minecraft:stick":48,"minecraft:iron_ingot":37,"minecraft:iron_pickaxe":1,"minecraft:wooden_axe":1,"minecraft:stone_sword":1,"minecraft:iron_leggings":1,"minecraft:torch":20},"minecraft:custom":{"minecraft:mob_kills":63,"minecraft:interact_with_crafting_table":56,"minecraft:bell_ring":1,"minecraft:leave_game":14,"minecraft:time_since_death":148384,"minecraft:sprint_one_cm":480004,"minecraft:walk_one_cm":475268,"minecraft:damage_blocked_by_shield":1320,"minecraft:drop":68,"minecraft:talked_to_villager":1,"minecraft:play_time":175608,"minecraft:deaths":1,"minecraft:sneak_time":8898,"minecraft:walk_under_water_one_cm":10761,"minecraft:jump":1780,"minecraft:walk_on_water_one_cm":36698,"minecraft:total_world_time":175608,"minecraft:interact_with_furnace":71,"minecraft:sleep_in_bed":2,"minecraft:time_since_rest":9910,"minecraft:damage_taken":1533,"minecraft:damage_dealt":9320,"minecraft:player_kills":2,"minecraft:swim_one_cm":25820,"minecraft:fly_one_cm":201451,"minecraft:open_chest":8,"minecraft:crouch_one_cm":30058,"minecraft:fall_one_cm":25135},"minecraft:broken":{"minecraft:wooden_pickaxe":1,"minecraft:wooden_axe":1,"minecraft:stone_shovel":1},"minecraft:used":{"minecraft:oak_fence":1,"minecraft:oak_trapdoor":41,"minecraft:stone_sword":37,"minecraft:stone_shovel":185,"minecraft:oak_sign":7,"minecraft:chest":2,"minecraft:shield":30,"minecraft:iron_sword":155,"minecraft:rotten_flesh":4,"minecraft:spruce_leaves":483,"minecraft:torch":25,"minecraft:dirt":136,"minecraft:white_carpet":6,"minecraft:carrot":36,"minecraft:tuff":4,"minecraft:azure_bluet":1,"minecraft:wooden_axe":57,"minecraft:iron_axe":178,"minecraft:iron_helmet":1,"minecraft:iron_boots":1,"minecraft:bow":4,"minecraft:beef":1,"minecraft:sweet_berries":30,"minecraft:oak_sapling":1,"minecraft:furnace":10,"minecraft:beetroot_seeds":2,"minecraft:egg":2,"minecraft:cooked_beef":4,"minecraft:potato":29,"minecraft:iron_leggings":1,"minecraft:wheat_seeds":1,"minecraft:cooked_mutton":1,"minecraft:water_bucket":15,"minecraft:stone_pickaxe":73,"minecraft:oak_planks":120,"minecraft:wooden_pickaxe":59,"minecraft:crafting_table":9,"minecraft:spruce_log":3,"minecraft:wooden_hoe":14,"minecraft:cornflower":1,"minecraft:oxeye_daisy":1,"minecraft:iron_pickaxe":233,"minecraft:spruce_sapling":1,"minecraft:cobblestone":119,"minecraft:porkchop":2,"minecraft:cooked_porkchop":11,"minecraft:bucket":16,"minecraft:andesite":5,"minecraft:dandelion":4}},"DataVersion":3463}