{"stats":{"minecraft:killed":{"minecraft:zombie_villager":1,"minecraft:skeleton":1,"minecraft:sheep":5,"minecraft:zombie":3},"minecraft:killed_by":{"minecraft:player":1,"minecraft:skeleton":1,"minecraft:creeper":1,"minecraft:zombie":1},"minecraft:picked_up":{"minecraft:stripped_oak_log":317,"minecraft:birch_log":17,"minecraft:pink_petals":813,"minecraft:crafting_table":6,"minecraft:iron_chestplate":4,"minecraft:leather_chestplate":4,"minecraft:cherry_planks":78,"minecraft:andesite":72,"minecraft:wooden_pickaxe":2,"minecraft:potato":2,"minecraft:flint":6,"minecraft:oak_log":20,"minecraft:dirt":2017,"minecraft:string":2,"minecraft:stripped_birch_log":51,"minecraft:iron_axe":5,"minecraft:iron_leggings":4,"minecraft:cooked_mutton":2,"minecraft:apple":2,"minecraft:bow":3,"minecraft:wheat_seeds":23,"minecraft:spruce_planks":2,"minecraft:iron_ingot":3,"minecraft:stone_pickaxe":5,"minecraft:poppy":2,"minecraft:iron_pickaxe":4,"minecraft:sugar_cane":53,"minecraft:oak_planks":5,"minecraft:iron_boots":4,"minecraft:furnace":2,"minecraft:stick":23,"minecraft:raw_iron":94,"minecraft:pumpkin":3,"minecraft:sweet_berries":93,"minecraft:dripstone_block":1,"minecraft:gravel":47,"minecraft:carrot":12,"minecraft:cherry_log":82,"minecraft:spruce_sapling":4,"minecraft:pointed_dripstone":4,"minecraft:diorite":12,"minecraft:white_bed":1,"minecraft:spruce_log":32,"minecraft:leather_helmet":5,"minecraft:rotten_flesh":12,"minecraft:stone_shovel":2,"minecraft:stone_axe":1,"minecraft:hay_block":17,"minecraft:granite":6,"minecraft:cherry_sapling":22,"minecraft:oak_sapling":7,"minecraft:mutton":5,"minecraft:coal":153,"minecraft:white_wool":14,"minecraft:cobblestone":1782},"minecraft:dropped":{"minecraft:wheat_seeds":1,"minecraft:stripped_oak_log":1,"minecraft:pink_petals":64},"minecraft:mined":{"minecraft:white_bed":1,"minecraft:cherry_log":27,"minecraft:stripped_birch_log":48,"minecraft:powder_snow":1,"minecraft:crafting_table":1,"minecraft:granite":6,"minecraft:grass_block":699,"minecraft:cobblestone":15,"minecraft:tall_grass":11,"minecraft:spruce_leaves":11,"minecraft:sugar_cane":6,"minecraft:diorite":7,"minecraft:large_fern":14,"minecraft:pink_petals":74,"minecraft:hay_block":17,"minecraft:furnace":1,"minecraft:birch_log":17,"minecraft:iron_ore":64,"minecraft:wheat":1,"minecraft:sweet_berry_bush":34,"minecraft:birch_leaves":4,"minecraft:spruce_log":20,"minecraft:andesite":15,"minecraft:pumpkin":3,"minecraft:grass":39,"minecraft:oak_log":12,"minecraft:potatoes":1,"minecraft:pointed_dripstone":3,"minecraft:coal_ore":89,"minecraft:dirt_path":1,"minecraft:cherry_leaves":5,"minecraft:gravel":19,"minecraft:dripstone_block":2,"minecraft:dirt":690,"minecraft:stripped_oak_log":104,"minecraft:stone":1208,"minecraft:oak_leaves":4,"minecraft:fern":1},"minecraft:crafted":{"minecraft:cherry_planks":36,"minecraft:oak_planks":20,"minecraft:stone_shovel":3,"minecraft:crafting_table":2,"minecraft:spruce_planks":20,"minecraft:wooden_pickaxe":1,"minecraft:baked_potato":1,"minecraft:furnace":2,"minecraft:stone_axe":1,"minecraft:cooked_mutton":3,"minecraft:air":0,"minecraft:iron_chestplate":1,"minecraft:iron_boots":2,"minecraft:iron_axe":2,"minecraft:stick":32,"minecraft:iron_ingot":64,"minecraft:stone_pickaxe":7,"minecraft:iron_pickaxe":2,"minecraft:iron_shovel":3,"minecraft:chest":3,"minecraft:iron_leggings":1,"minecraft:white_bed":1},"minecraft:custom":{"minecraft:interact_with_furnace":30,"minecraft:mob_kills":10,"minecraft:interact_with_crafting_table":40,"minecraft:leave_game":11,"minecraft:time_since_death":37942,"minecraft:sleep_in_bed":11,"minecraft:climb_one_cm":334,"minecraft:time_since_rest":37962,"minecraft:sprint_one_cm":454651,"minecraft:damage_taken":2232,"minecraft:walk_one_cm":704972,"minecraft:drop":3,"minecraft:damage_dealt":1386,"minecraft:swim_one_cm":73310,"minecraft:fly_one_cm":698474,"minecraft:open_chest":32,"minecraft:play_time":239355,"minecraft:crouch_one_cm":14678,"minecraft:deaths":7,"minecraft:sneak_time":4312,"minecraft:walk_under_water_one_cm":10147,"minecraft:jump":3860,"minecraft:walk_on_water_one_cm":28612,"minecraft:total_world_time":239355,"minecraft:fall_one_cm":98246},"minecraft:broken":{"minecraft:iron_shovel":3,"minecraft:iron_axe":1,"minecraft:iron_pickaxe":2,"minecraft:stone_shovel":2,"minecraft:wooden_pickaxe":1,"minecraft:stone_pickaxe":6},"minecraft:used":{"minecraft:wheat_seeds":1,"minecraft:cooked_mutton":3,"minecraft:cherry_sapling":4,"minecraft:iron_shovel":798,"minecraft:stripped_birch_log":29,"minecraft:stone_shovel":392,"minecraft:stone_pickaxe":851,"minecraft:baked_potato":1,"minecraft:wooden_pickaxe":59,"minecraft:chest":3,"minecraft:leather_chestplate":1,"minecraft:rotten_flesh":19,"minecraft:dirt":771,"minecraft:crafting_table":2,"minecraft:white_bed":2,"minecraft:spruce_log":2,"minecraft:oak_log":7,"minecraft:iron_axe":270,"minecraft:iron_pickaxe":502,"minecraft:leather_helmet":1,"minecraft:spruce_sapling":3,"minecraft:stone_axe":74,"minecraft:pink_petals":17,"minecraft:cobblestone":53,"minecraft:sweet_berries":60,"minecraft:furnace":3,"minecraft:andesite":1,"minecraft:birch_log":17,"minecraft:stripped_oak_log":154}},"DataVersion":3463}