{"stats":{"minecraft:killed":{"minecraft:pig":4,"minecraft:sheep":5,"minecraft:cow":5},"minecraft:picked_up":{"minecraft:charcoal":1,"minecraft:crafting_table":2,"minecraft:andesite":24,"minecraft:leather":5,"minecraft:wooden_pickaxe":1,"minecraft:oak_log":52,"minecraft:dirt":93,"minecraft:kelp":430,"minecraft:wheat_seeds":1,"minecraft:beef":13,"minecraft:stone_pickaxe":1,"minecraft:stick":11,"minecraft:raw_iron":16,"minecraft:sweet_berries":35,"minecraft:torch":3,"minecraft:porkchop":8,"minecraft:sand":2,"minecraft:spruce_sapling":12,"minecraft:diorite":11,"minecraft:white_bed":1,"minecraft:spruce_log":41,"minecraft:stone_axe":1,"minecraft:granite":15,"minecraft:oak_sapling":4,"minecraft:mutton":7,"minecraft:coal":28,"minecraft:white_wool":5,"minecraft:cobblestone":260},"minecraft:dropped":{"minecraft:stone_axe":1,"minecraft:kelp":1,"minecraft:oak_log":15,"minecraft:leather":1,"minecraft:stick":2,"minecraft:dirt":2,"minecraft:charcoal":1,"minecraft:oak_sapling":1,"minecraft:spruce_log":6,"minecraft:sand":1,"minecraft:stone_pickaxe":1,"minecraft:wooden_pickaxe":1,"minecraft:spruce_sapling":2},"minecraft:mined":{"minecraft:white_bed":1,"minecraft:kelp_plant":102,"minecraft:crafting_table":2,"minecraft:granite":15,"minecraft:grass_block":40,"minecraft:spruce_leaves":68,"minecraft:kelp":20,"minecraft:diorite":11,"minecraft:wall_torch":3,"minecraft:tall_seagrass":2,"minecraft:iron_ore":16,"minecraft:sweet_berry_bush":15,"minecraft:spruce_log":35,"minecraft:andesite":24,"minecraft:grass":1,"minecraft:coal_ore":28,"minecraft:oak_log":37,"minecraft:dirt":52,"minecraft:sand":1,"minecraft:stone":260,"minecraft:oak_leaves":3,"minecraft:fern":1},"minecraft:crafted":{"minecraft:cooked_beef":13,"minecraft:oak_planks":60,"minecraft:crafting_table":1,"minecraft:spruce_planks":20,"minecraft:wooden_pickaxe":1,"minecraft:furnace":2,"minecraft:stone_axe":2,"minecraft:charcoal":22,"minecraft:stick":20,"minecraft:stone_pickaxe":4,"minecraft:chest":2,"minecraft:white_bed":1,"minecraft:torch":60},"minecraft:custom":{"minecraft:interact_with_furnace":27,"minecraft:mob_kills":14,"minecraft:interact_with_crafting_table":15,"minecraft:leave_game":5,"minecraft:time_since_death":67911,"minecraft:sleep_in_bed":5,"minecraft:time_since_rest":9816,"minecraft:sprint_one_cm":1984,"minecraft:damage_taken":60,"minecraft:walk_one_cm":183669,"minecraft:drop":35,"minecraft:damage_dealt":1300,"minecraft:swim_one_cm":3318,"minecraft:fly_one_cm":134,"minecraft:open_chest":3,"minecraft:crouch_one_cm":170,"minecraft:play_time":67911,"minecraft:sneak_time":315,"minecraft:walk_under_water_one_cm":24210,"minecraft:jump":199,"minecraft:walk_on_water_one_cm":21663,"minecraft:total_world_time":67911,"minecraft:fall_one_cm":1872},"minecraft:broken":{"minecraft:stone_pickaxe":2,"minecraft:stone_axe":1},"minecraft:used":{"minecraft:stone_pickaxe":389,"minecraft:chest":2,"minecraft:wooden_pickaxe":22,"minecraft:torch":19,"minecraft:dirt":73,"minecraft:crafting_table":3,"minecraft:white_bed":1,"minecraft:spruce_sapling":8,"minecraft:stone_axe":167,"minecraft:furnace":2,"minecraft:cooked_beef":1}},"DataVersion":3463}